cust_id,cust_firstname,cust_lastname
1,John,Doe
2,Jane,Smith
3,Michael,Johnson
4,Sarah,Williams
5,Robert,Brown
6,John,Smith
7,Emma,Johnson
8,Olivia,Williams
9,Liam,Brown
10,Sophia,Jones
11,Noah,Garcia
12,Ava,Miller
13,Isabella,Davis
14,Mason,Rodriguez
15,Mia,Martinez
16,Lucas,Hernandez
17,Amelia,Lopez
18,Ethan,Gonzalez
19,Harper,Wilson
20,James,Anderson
21,Evelyn,Thomas
22,Benjamin,Taylor
23,Abigail,Moore
24,Logan,Jackson
25,Ella,Martin
26,Alexander,Lee
27,Scarlett,Perez
28,Michael,Thompson
29,Grace,White
30,Daniel,Harris
31,Chloe,Sanchez
32,Matthew,Clark
33,Victoria,Ramirez
34,Jackson,Lewis
35,Riley,Robinson
36,Sebastian,Walker
37,Zoey,Young
38,David,Allen
39,Lillian,King
40,Carter,Wright
41,Luna,Scott
42,Wyatt,Torres
43,Hannah,Nguyen
44,Julian,Hill
45,Aria,Flores
46,Henry,Green
47,Ellie,Adams
48,Joseph,Nelson
49,Avery,Baker
50,Owen,Hall
51,Sofia,Rivera
52,Gabriel,Campbell
53,Stella,Mitchell
54,Samuel,Carter
55,Zoe,Roberts
56,Isaac,Gomez
57,Maya,Phillips
58,Anthony,Evans
59,Penelope,Turner
60,Luke,Diaz
61,Layla,Parker
62,Dylan,Cruz
63,Lucy,Edwards
64,Leo,Collins
65,Brooklyn,Reyes
66,Nathan,Stewart
67,Hazel,Morris
68,Caleb,Morales
69,Aurora,Murphy
70,Christian,Cook
71,Savannah,Rogers
72,Joshua,Gutierrez
73,Nora,Ortiz
74,Ryan,Morgan
75,Sadie,Cooper
